Core_BoundedDataQueue.swift	../../FlowGuardTunnel/Runtime/PacketFlow/BoundedDataQueue.swift
Core_BoundedDatagramQueue.swift	../../FlowGuardTunnel/Runtime/PacketFlow/BoundedDatagramQueue.swift
Core_ByeDPIEngine.swift	../../FlowGuardTunnel/Engines/ByeDPIEngine.swift
Core_ByeDPIPreset.swift	../../FlowGuard/FlowGuardShared/ByeDPIPreset.swift
Core_IPPacketCodec.swift	../../FlowGuardTunnel/Runtime/PacketFlow/IPPacketCodec.swift
Core_LocalSocksEndpointMonitor.swift	../../FlowGuardTunnel/Runtime/LocalSocksEndpointMonitor.swift
Core_LocalhostPortAllocator.swift	../../FlowGuardTunnel/Runtime/LocalhostPortAllocator.swift
Core_PacketFlowEgressWriter.swift	../../FlowGuardTunnel/Runtime/PacketFlow/PacketFlowEgressWriter.swift
Core_PacketFlowIO.swift	../../FlowGuardTunnel/Runtime/PacketFlow/PacketFlowIO.swift
Core_PacketFlowPump.swift	../../FlowGuardTunnel/Runtime/PacketFlow/PacketFlowPump.swift
Core_PacketFlowSessionRegistry.swift	../../FlowGuardTunnel/Runtime/PacketFlow/PacketFlowSessionRegistry.swift
Core_PacketFlowTCPRelay.swift	../../FlowGuardTunnel/Runtime/PacketFlow/PacketFlowTCPRelay.swift
Core_PacketFlowTCPSession.swift	../../FlowGuardTunnel/Runtime/PacketFlow/PacketFlowTCPSession.swift
Core_PacketFlowUDPRelay.swift	../../FlowGuardTunnel/Runtime/PacketFlow/PacketFlowUDPRelay.swift
Core_PacketFlowUDPSession.swift	../../FlowGuardTunnel/Runtime/PacketFlow/PacketFlowUDPSession.swift
Core_PacketSynthesizer.swift	../../FlowGuardTunnel/Runtime/PacketFlow/PacketSynthesizer.swift
Core_ProviderState.swift	../../FlowGuard/FlowGuardShared/ProviderState.swift
Core_RuntimeStats.swift	../../FlowGuard/FlowGuardShared/RuntimeStats.swift
Core_SOCKS5TCPConnector.swift	../../FlowGuardTunnel/Runtime/PacketFlow/SOCKS5TCPConnector.swift
Core_SOCKS5UDPAssociate.swift	../../FlowGuardTunnel/Runtime/PacketFlow/SOCKS5UDPAssociate.swift
Core_TCPPacketCodec.swift	../../FlowGuardTunnel/Runtime/PacketFlow/TCPPacketCodec.swift
Core_TCPStateMachine.swift	../../FlowGuardTunnel/Runtime/PacketFlow/TCPStateMachine.swift
Core_TunnelImplementationMode.swift	../../FlowGuardTunnel/Runtime/TunnelImplementationMode.swift
Core_TunnelNetworkSettingsBuilder.swift	../../FlowGuardTunnel/Runtime/TunnelNetworkSettingsBuilder.swift
Core_TunnelProfile.swift	../../FlowGuard/FlowGuardShared/TunnelProfile.swift
Core_TunnelRuntimeLifecycleService.swift	../../FlowGuardTunnel/Runtime/TunnelRuntimeLifecycleService.swift
Core_TunnelRuntimeStartupService.swift	../../FlowGuardTunnel/Runtime/TunnelRuntimeStartupService.swift
Core_TunnelRuntimeStateRepository.swift	../../FlowGuardTunnel/Runtime/TunnelRuntimeStateRepository.swift
Core_TunnelRuntimeStatsService.swift	../../FlowGuardTunnel/Runtime/TunnelRuntimeStatsService.swift
Core_UDPPacketCodec.swift	../../FlowGuardTunnel/Runtime/PacketFlow/UDPPacketCodec.swift
